price,area,bedrooms,bathrooms,stories,mainroad,guestroom,basement,hotwaterheating,airconditioning,parking,prefarea,furnishingstatus
366415,1748,5,4,1,no,yes,no,no,no,2,yes,unfurnished
366199,1430,4,3,1,no,no,yes,yes,no,3,yes,unfurnished
376974,1823,4,3,1,no,no,no,no,no,2,no,semi-furnished
482512,2261,5,4,1,yes,no,no,yes,no,4,no,unfurnished
383146,1382,4,2,1,yes,yes,no,no,no,4,no,semi-furnished
285099,1382,3,3,1,no,no,no,no,no,2,no,unfurnished
560147,2289,6,6,2,yes,no,no,no,yes,6,yes,unfurnished
384257,1883,5,4,3,no,no,no,no,yes,2,no,unfurnished
375601,1265,4,4,1,yes,no,no,no,no,2,no,furnished
358598,1771,4,4,1,no,no,no,no,yes,2,no,semi-furnished
306414,1268,4,3,1,no,yes,no,yes,no,2,yes,unfurnished
267410,1267,3,2,1,no,no,yes,no,no,2,no,unfurnished
361723,1620,5,4,1,yes,no,no,no,no,4,no,semi-furnished
145164,543,1,1,1,no,no,no,no,yes,2,no,unfurnished
211204,637,3,3,1,yes,no,no,yes,no,2,no,semi-furnished
251330,1218,3,2,1,no,no,no,no,yes,2,no,furnished
234444,993,2,1,1,yes,yes,no,no,yes,2,no,semi-furnished
405542,1657,3,1,1,no,no,yes,no,yes,2,yes,semi-furnished
237606,1045,2,2,1,no,no,no,no,no,1,no,semi-furnished
242912,793,2,1,1,yes,no,no,no,yes,2,no,furnished
533783,2232,5,5,1,no,no,yes,no,no,4,yes,furnished
364018,1387,3,3,1,yes,no,no,no,yes,2,no,semi-furnished
268609,1533,3,3,1,no,no,no,no,yes,2,no,unfurnished
191538,787,3,2,1,no,no,no,no,no,2,no,semi-furnished
280935,1227,4,2,1,yes,yes,no,no,no,3,no,unfurnished
322989,1555,4,4,1,no,no,no,yes,no,2,no,semi-furnished
227280,924,2,3,1,yes,no,no,no,no,1,no,semi-furnished
360086,1687,4,4,1,no,no,yes,no,no,2,yes,unfurnished
282755,1199,3,3,1,yes,no,no,no,no,2,no,unfurnished
274252,1354,2,1,1,no,no,no,no,no,1,yes,semi-furnished
261811,1199,2,2,1,no,no,no,no,no,2,yes,furnished
372605,2426,4,3,2,no,no,no,no,no,3,no,semi-furnished
324188,1493,4,4,1,yes,no,yes,no,no,2,no,semi-furnished
238556,971,3,3,1,no,no,no,no,no,4,no,unfurnished
394368,1911,4,4,1,no,no,no,no,no,3,yes,semi-furnished
224387,889,3,4,1,no,no,no,yes,yes,2,no,unfurnished
358815,1604,3,3,1,yes,yes,yes,no,no,2,yes,semi-furnished
129516,520,1,1,1,yes,no,no,no,no,0,no,unfurnished
204124,835,2,1,1,yes,no,no,no,no,1,no,semi-furnished
353558,1598,4,2,3,no,no,yes,no,yes,2,yes,unfurnished
363775,1869,5,4,1,yes,no,no,no,no,2,no,unfurnished
309955,1585,3,2,1,no,no,no,no,yes,2,yes,furnished
322036,1442,4,3,1,yes,no,no,no,no,3,no,unfurnished
270717,1349,3,3,1,no,no,no,no,yes,2,no,unfurnished
206143,760,2,1,1,no,no,no,yes,no,2,no,semi-furnished
279592,1140,3,3,1,no,no,no,no,no,2,no,furnished
279708,1269,3,3,1,no,no,no,no,yes,2,no,unfurnished
409457,2028,3,2,2,yes,no,yes,no,no,4,yes,semi-furnished
413743,1671,5,4,1,yes,no,no,no,no,2,yes,furnished
201723,618,2,2,1,yes,no,no,no,yes,1,no,unfurnished
322075,1662,3,3,1,no,no,no,no,no,2,no,unfurnished
324769,1307,3,2,1,no,no,no,no,no,2,yes,unfurnished
278186,1161,3,2,1,no,no,no,yes,no,2,no,furnished
399833,1805,4,3,2,no,no,no,no,yes,2,no,unfurnished
393965,2015,4,3,1,no,no,no,yes,no,4,no,unfurnished
401383,1965,4,3,1,no,no,no,no,no,3,no,semi-furnished
217773,1080,2,1,1,no,no,yes,no,no,1,no,semi-furnished
303834,1345,4,4,1,yes,no,no,no,no,2,no,unfurnished
390415,1665,4,4,1,no,no,no,no,no,4,yes,semi-furnished
413454,1987,4,4,1,no,yes,no,no,yes,3,no,unfurnished
312391,1260,3,3,1,no,no,no,no,yes,2,yes,unfurnished
283802,1407,1,1,1,no,no,no,no,no,0,yes,semi-furnished
243225,946,3,3,1,yes,no,yes,no,no,2,no,furnished
190052,901,1,1,1,yes,yes,no,no,yes,0,no,unfurnished
420300,1906,4,4,1,no,no,no,yes,no,3,yes,furnished
400711,2178,4,3,1,no,no,yes,no,no,4,no,semi-furnished
372886,1463,2,1,1,yes,no,yes,no,no,2,no,unfurnished
479103,2001,5,4,2,no,no,no,yes,yes,4,yes,semi-furnished
328528,1680,3,3,1,no,no,no,no,yes,2,no,unfurnished
275395,1177,3,3,1,no,no,yes,no,no,2,no,furnished
407328,1680,4,4,2,yes,yes,no,yes,no,3,yes,furnished
446354,2269,5,5,1,no,no,no,no,no,4,no,unfurnished
314634,1482,3,3,2,no,no,no,no,no,2,no,unfurnished
404501,2282,4,4,1,no,no,no,no,no,3,no,unfurnished
112487,300,1,1,1,no,no,no,no,no,2,no,unfurnished
434378,1910,4,3,1,no,no,yes,no,no,2,yes,unfurnished
311191,1543,2,2,1,no,no,no,yes,no,1,no,unfurnished
328492,1350,3,3,1,no,no,no,no,no,4,yes,semi-furnished
282450,1545,4,3,1,no,no,no,no,no,2,no,unfurnished
166601,506,2,1,1,no,no,no,no,no,1,no,furnished
377554,1390,3,3,1,yes,no,no,no,no,2,yes,furnished
363233,1678,3,3,1,no,no,no,no,no,2,no,semi-furnished
496090,2238,5,4,1,no,no,no,no,no,4,yes,furnished
323891,1240,4,2,1,no,no,yes,no,no,3,no,unfurnished
270551,1095,3,2,1,yes,no,yes,no,no,2,no,unfurnished
302345,1249,3,2,1,no,no,no,no,no,2,yes,semi-furnished
396975,1957,5,4,1,yes,no,yes,no,no,2,no,semi-furnished
380370,1664,4,3,1,yes,no,yes,no,no,3,no,semi-furnished
325492,1235,3,2,1,no,no,no,no,no,2,yes,furnished
347522,1756,4,4,1,no,no,no,no,no,2,no,furnished
290275,1548,3,3,1,no,no,no,no,no,2,no,semi-furnished
412270,1984,4,4,1,yes,no,no,no,yes,2,no,semi-furnished
263887,1148,3,3,1,no,no,yes,no,no,2,no,unfurnished
301189,1336,3,2,1,yes,no,no,no,no,2,no,unfurnished
272121,1303,3,3,1,no,no,no,no,no,2,no,semi-furnished
216302,768,2,1,1,no,no,no,no,no,3,no,unfurnished
302015,1648,4,4,1,no,no,no,no,no,2,no,unfurnished
346154,1630,2,1,1,yes,no,no,no,no,1,yes,unfurnished
331626,1502,4,3,1,yes,no,no,yes,yes,3,no,semi-furnished
243915,1382,3,3,1,no,no,no,no,no,2,no,unfurnished
213018,792,2,2,1,yes,no,no,no,no,1,no,semi-furnished
256350,1289,1,1,1,no,yes,no,no,no,2,yes,unfurnished
273697,1328,4,3,1,no,no,no,no,yes,2,no,unfurnished
228282,1098,2,2,1,yes,yes,no,no,yes,2,no,unfurnished
313070,1419,4,3,1,no,no,yes,no,no,2,no,unfurnished
379738,1702,3,3,1,no,no,no,no,no,4,no,furnished
526706,2443,6,5,1,yes,no,no,yes,no,5,no,unfurnished
337966,1587,3,3,1,yes,no,yes,no,no,2,no,unfurnished
399084,1628,3,2,3,yes,no,yes,no,no,4,no,semi-furnished
388592,1462,5,5,1,no,no,no,no,no,6,yes,semi-furnished
127352,540,1,1,1,no,no,no,no,no,2,no,unfurnished
298090,1486,3,2,1,yes,no,yes,no,no,2,yes,unfurnished
356706,1530,4,4,1,yes,no,no,no,yes,2,no,furnished
542655,2731,6,5,3,no,no,no,no,no,4,no,semi-furnished
306923,1403,3,3,1,no,no,no,no,no,2,no,unfurnished
384992,1650,4,3,1,no,no,no,no,no,3,yes,semi-furnished
372018,1482,5,4,1,no,no,yes,no,no,4,no,unfurnished
223670,915,2,1,1,yes,no,no,no,no,1,yes,unfurnished
411434,2071,5,3,1,no,yes,yes,no,yes,4,yes,semi-furnished
424549,1875,5,4,1,no,no,no,no,no,2,yes,furnished
453693,1895,5,6,1,yes,no,yes,no,no,4,no,unfurnished
209833,1045,3,3,1,no,no,no,no,no,2,no,furnished
421009,2201,5,4,1,no,no,yes,no,yes,4,no,unfurnished
151986,799,1,1,1,no,no,no,no,no,0,no,unfurnished
423129,1793,5,5,1,yes,no,no,no,yes,2,yes,unfurnished
473854,2595,5,5,1,no,no,yes,no,yes,4,no,unfurnished
245728,1004,2,1,1,no,no,no,no,no,2,yes,furnished
287003,1216,2,2,1,no,yes,yes,no,no,2,yes,semi-furnished
335553,1549,3,3,1,yes,no,no,no,no,2,yes,unfurnished
284466,1248,3,3,1,yes,no,no,yes,no,2,no,furnished
204844,724,2,2,1,yes,no,no,no,no,2,no,furnished
301554,1534,4,4,1,no,no,no,no,no,2,no,semi-furnished
273222,968,3,3,1,yes,no,no,no,no,2,no,furnished
363188,1736,4,4,1,no,no,no,no,no,2,no,unfurnished
235338,1040,2,1,1,no,no,no,no,no,2,yes,furnished
562934,2274,6,5,2,no,yes,no,no,no,6,no,semi-furnished
260241,1108,3,3,1,no,no,no,no,no,2,no,furnished
299191,1338,2,2,1,no,no,no,no,no,2,no,semi-furnished
383929,1906,5,4,1,yes,no,no,no,yes,2,no,unfurnished
177696,884,2,1,1,yes,no,no,no,no,1,no,semi-furnished
372161,1613,3,3,2,no,no,no,yes,yes,2,yes,unfurnished
460335,2153,6,6,1,no,no,no,no,no,4,no,unfurnished
188036,696,1,1,1,yes,no,no,no,yes,2,no,unfurnished
388973,1592,4,4,3,no,no,yes,yes,no,2,yes,furnished
328569,1629,3,2,1,yes,yes,no,no,no,2,no,unfurnished
378652,1890,4,4,1,yes,no,no,no,no,3,no,semi-furnished
214405,881,1,1,1,yes,no,no,no,no,2,yes,unfurnished
207788,839,1,1,1,no,no,no,no,no,2,no,furnished
412186,1760,5,4,2,yes,no,no,no,no,4,no,unfurnished
367876,1648,3,2,1,yes,yes,yes,no,no,2,no,semi-furnished
374914,1625,3,2,1,yes,no,yes,no,no,4,yes,furnished
340190,1673,2,2,2,yes,no,no,no,no,2,yes,unfurnished
220649,1159,2,2,1,no,no,yes,no,no,1,no,unfurnished
336650,1616,3,3,1,yes,no,yes,no,no,2,no,semi-furnished
286763,1646,5,4,1,yes,no,yes,no,no,2,no,furnished
262053,1142,3,2,1,no,no,no,no,no,2,yes,semi-furnished
503520,2432,5,4,2,yes,no,no,no,no,4,yes,unfurnished
440319,1736,5,4,2,no,no,yes,no,no,2,yes,furnished
236290,904,3,3,1,no,no,no,no,no,4,no,unfurnished
398134,1828,4,4,1,yes,no,no,no,no,3,no,semi-furnished
174568,1012,1,1,1,no,no,no,no,yes,0,no,furnished
433181,1893,6,6,1,yes,no,no,no,no,4,no,unfurnished
370044,2079,4,4,2,no,no,no,no,yes,3,no,semi-furnished
183088,1089,1,1,1,no,no,no,no,no,0,no,semi-furnished
475492,1981,5,5,1,yes,no,yes,no,yes,4,yes,furnished
421796,1706,5,4,2,no,no,yes,no,no,2,no,unfurnished
391614,1911,5,4,1,no,no,no,no,no,2,no,unfurnished
539546,2448,6,5,2,no,no,no,no,yes,4,yes,furnished
295777,1377,3,2,1,no,no,no,no,no,2,yes,unfurnished
239273,1123,3,3,1,no,no,no,no,no,2,no,unfurnished
266476,1055,3,3,1,yes,no,no,yes,no,2,no,furnished
286512,1092,3,2,1,yes,no,no,no,no,2,yes,unfurnished
285708,1461,3,2,1,no,no,no,no,no,2,yes,furnished
385878,1670,4,4,1,no,no,yes,no,yes,3,no,unfurnished
298001,1638,3,2,1,no,no,no,no,no,2,no,unfurnished
408892,1913,4,5,1,no,no,no,no,no,2,no,semi-furnished
330303,1506,2,1,2,no,no,no,no,no,1,yes,semi-furnished
413259,2226,5,5,1,no,no,no,no,yes,4,yes,semi-furnished
287034,1367,2,3,1,no,no,no,no,yes,1,yes,semi-furnished
532106,2860,6,6,1,no,no,no,no,no,4,yes,furnished
297910,1812,4,3,1,no,no,no,no,no,2,no,unfurnished
240835,1071,3,2,1,yes,yes,no,no,no,2,no,unfurnished
282904,964,3,2,1,no,no,no,no,yes,2,no,unfurnished
366982,1741,3,3,1,yes,no,no,no,no,2,no,semi-furnished
312059,1388,2,1,1,no,no,no,no,no,1,yes,unfurnished
423162,1857,5,5,1,no,no,yes,yes,no,2,no,unfurnished
306954,1736,3,2,1,no,no,no,no,no,2,no,semi-furnished
287503,1463,3,2,1,no,no,no,no,yes,2,no,unfurnished
280742,1076,3,2,1,no,yes,no,no,no,2,yes,unfurnished
185306,742,1,1,1,yes,no,no,yes,no,0,no,semi-furnished
270997,1276,3,2,1,no,no,no,no,no,2,yes,unfurnished
362547,1928,3,3,2,no,no,yes,no,no,2,yes,furnished
457011,1607,3,4,1,yes,yes,yes,no,no,2,no,semi-furnished
208855,877,2,1,1,yes,no,no,no,no,2,no,unfurnished
308077,1586,2,2,1,no,no,no,no,no,2,yes,semi-furnished
364313,1692,4,3,1,no,no,no,no,no,3,yes,unfurnished
241184,1058,2,2,1,no,no,no,yes,yes,2,no,semi-furnished
373754,1576,4,4,1,no,no,no,no,no,3,yes,furnished
379946,1529,4,3,1,no,yes,yes,yes,no,2,no,semi-furnished
266676,928,3,3,1,no,no,yes,no,no,2,yes,semi-furnished
344980,1678,4,5,1,no,no,yes,no,no,2,yes,unfurnished
354950,1780,4,3,2,no,no,no,no,no,2,no,unfurnished
473644,2041,5,5,3,yes,no,no,no,no,6,no,furnished
510305,2026,5,4,2,no,no,yes,yes,no,4,yes,unfurnished
214713,811,2,1,1,yes,no,no,no,no,1,no,unfurnished
259937,1031,2,2,1,no,no,yes,yes,no,2,yes,unfurnished
320336,1757,3,3,1,no,no,no,no,no,2,yes,semi-furnished
324442,1756,3,3,2,yes,no,no,no,no,2,no,unfurnished
377296,1757,3,2,2,yes,no,no,no,yes,2,no,furnished
667612,3426,8,6,2,no,no,no,no,no,5,no,unfurnished
343585,1785,3,2,1,yes,no,no,no,no,4,no,unfurnished
414482,2067,4,4,2,no,no,yes,yes,no,3,no,semi-furnished
361255,1977,4,4,1,no,no,no,yes,no,2,no,unfurnished
399251,1825,5,4,1,no,no,no,yes,no,2,yes,semi-furnished
248512,1342,3,2,1,yes,no,no,no,no,2,yes,unfurnished
377050,1879,5,5,1,yes,no,no,no,no,4,no,unfurnished
206646,1113,2,1,1,no,no,no,no,no,1,no,unfurnished
319900,1381,3,2,1,no,no,no,no,no,2,no,furnished
259751,1257,2,3,1,no,yes,yes,no,no,1,no,semi-furnished
373110,1540,5,4,1,yes,no,no,no,yes,2,no,semi-furnished
512971,2657,5,4,1,no,no,no,no,no,4,yes,unfurnished
183148,566,1,1,1,no,no,yes,no,no,2,no,semi-furnished
440579,1843,5,5,1,no,no,no,yes,yes,2,no,semi-furnished
181322,693,2,1,1,no,no,no,no,no,1,no,furnished
318101,1264,3,2,1,yes,no,yes,no,no,4,yes,semi-furnished
405535,2044,4,4,2,yes,no,no,no,no,3,no,semi-furnished
297000,1532,3,3,1,no,no,no,no,no,2,no,unfurnished
217496,961,2,1,1,no,no,yes,no,no,2,no,semi-furnished
273646,1142,3,1,1,yes,no,no,no,no,2,no,semi-furnished
461700,1839,6,6,1,yes,no,no,no,yes,3,no,furnished
230499,1134,2,1,1,no,no,no,no,no,1,no,unfurnished
359899,1608,3,3,1,yes,no,no,no,no,2,no,unfurnished
351189,1522,3,1,1,no,no,no,no,no,2,yes,unfurnished
292771,1174,4,4,1,no,no,no,no,yes,2,no,unfurnished
515169,2571,5,4,1,no,no,no,no,no,4,no,unfurnished
390613,1816,5,5,1,no,no,no,no,yes,2,no,furnished
215063,487,2,2,1,no,no,yes,no,no,2,yes,semi-furnished
352773,1593,3,2,1,no,yes,no,no,no,2,no,furnished
320182,1169,3,2,1,no,no,no,no,yes,2,yes,furnished
428319,1926,5,5,1,no,no,yes,yes,no,2,yes,unfurnished
218989,1103,2,2,1,no,no,no,no,no,1,no,semi-furnished
293220,1442,3,3,1,yes,no,no,yes,no,2,yes,unfurnished
397961,1752,3,4,1,yes,no,yes,no,no,2,yes,furnished
452245,1932,4,3,1,yes,yes,no,no,yes,3,no,unfurnished
229058,899,2,2,1,yes,no,no,no,no,1,yes,unfurnished
281475,1332,2,2,1,no,no,no,yes,yes,1,no,unfurnished
308982,1262,3,2,1,no,no,no,no,no,2,yes,semi-furnished
226500,1173,2,1,1,no,no,no,no,no,2,no,unfurnished
498317,2382,5,4,1,no,no,no,no,no,4,no,unfurnished
255697,1702,3,3,1,no,no,no,yes,no,2,no,semi-furnished
212265,869,2,1,1,no,no,yes,no,no,1,yes,furnished
383637,1958,5,5,1,no,no,no,no,no,2,yes,unfurnished
469379,2561,4,3,1,yes,no,yes,yes,no,3,yes,semi-furnished
474346,2016,5,4,2,yes,no,no,no,yes,4,no,furnished
204436,740,3,2,1,no,no,no,no,no,2,no,unfurnished
286597,1257,2,2,1,no,no,no,no,no,1,yes,furnished
514372,2133,6,6,1,yes,no,no,no,no,5,yes,unfurnished
292462,1146,3,2,1,yes,no,yes,no,no,4,yes,semi-furnished
296504,1721,3,1,1,no,no,yes,no,no,2,no,semi-furnished
443056,1887,4,4,3,yes,no,yes,no,no,2,no,semi-furnished
245296,1036,3,3,1,no,no,no,no,no,2,no,furnished
277522,1470,3,3,1,no,yes,no,no,no,4,no,unfurnished
132558,300,1,1,1,no,no,yes,no,yes,0,no,unfurnished
263940,987,2,1,1,no,yes,no,no,no,1,yes,semi-furnished
358469,1373,3,3,1,no,no,no,no,no,2,yes,furnished
172665,876,1,1,1,no,no,no,no,no,0,no,unfurnished
472450,2316,5,3,1,no,no,no,no,no,4,no,furnished
192048,784,1,1,1,no,no,no,no,no,2,no,unfurnished
261344,1279,2,1,1,yes,yes,yes,yes,no,1,no,unfurnished
362371,1565,4,3,1,no,no,no,no,no,3,no,semi-furnished
479742,2220,6,6,1,no,no,no,no,yes,4,no,unfurnished
198351,782,2,1,1,no,no,no,no,no,1,no,semi-furnished
396537,2081,4,3,1,no,no,no,yes,no,3,no,unfurnished
365987,1505,3,3,1,no,no,yes,no,no,2,yes,unfurnished
261677,1009,3,2,1,yes,no,no,yes,no,2,no,semi-furnished
304677,1731,4,3,1,no,no,no,no,no,2,no,semi-furnished
394985,1599,5,5,1,no,no,no,yes,no,2,no,unfurnished
248498,1199,3,2,1,no,no,no,no,no,4,no,unfurnished
366469,1534,4,4,1,no,no,no,no,yes,2,no,unfurnished
315545,1307,3,3,1,yes,no,no,no,no,2,yes,semi-furnished
366211,1556,4,2,1,no,no,no,no,yes,2,no,furnished
444733,1831,4,3,1,yes,no,no,no,no,3,yes,furnished
499786,2293,6,6,2,no,no,no,no,no,4,no,unfurnished
238025,881,3,2,1,no,no,yes,no,no,2,no,unfurnished
578851,2566,5,4,2,yes,no,yes,no,yes,4,yes,furnished
151638,523,1,1,1,no,no,yes,no,no,2,yes,semi-furnished
301709,1424,2,2,1,yes,no,no,no,no,3,no,semi-furnished
365452,1794,4,3,2,yes,yes,no,no,yes,2,no,semi-furnished
332289,1640,3,2,1,no,no,no,no,no,2,yes,unfurnished
194942,1188,1,1,1,no,no,no,no,no,0,no,semi-furnished
293648,1395,3,4,1,no,no,yes,yes,no,2,no,furnished
417912,1253,5,5,1,no,yes,yes,no,no,4,yes,semi-furnished
297008,1205,3,3,1,no,no,no,no,yes,2,no,unfurnished
395749,1924,5,4,1,no,no,no,no,no,4,no,unfurnished
379894,1678,4,3,2,yes,no,yes,no,no,2,no,unfurnished
265978,1153,2,2,1,yes,no,yes,no,no,2,no,semi-furnished
446342,1949,5,5,1,no,no,no,no,no,4,yes,unfurnished
333303,1653,3,3,2,no,no,no,no,no,2,yes,unfurnished
450928,1906,4,4,1,no,no,yes,yes,no,2,yes,furnished
351418,1814,4,3,1,no,no,no,no,yes,2,no,unfurnished
214737,1085,2,2,1,no,no,no,no,no,1,no,unfurnished
275758,1219,3,2,1,yes,no,no,yes,no,2,no,unfurnished
353226,1873,4,3,1,yes,no,no,no,no,2,no,unfurnished
364950,1805,3,3,1,no,yes,yes,no,no,2,no,unfurnished
326035,1489,4,5,1,no,no,no,no,no,2,no,furnished
356852,1558,3,4,2,no,no,no,no,no,2,no,furnished
517434,2138,5,5,1,yes,no,no,no,no,4,yes,semi-furnished
259627,1204,3,2,1,no,no,no,no,no,2,yes,unfurnished
403501,1773,5,5,1,yes,no,no,no,no,4,no,semi-furnished
337783,1398,3,3,1,yes,no,no,no,yes,4,no,unfurnished
282706,1391,3,2,1,no,no,yes,yes,no,2,no,unfurnished
489408,2049,5,6,2,yes,no,no,no,no,4,no,furnished
453743,1912,5,5,1,no,no,yes,no,no,4,yes,unfurnished
452833,1906,5,5,1,yes,no,no,no,no,4,no,unfurnished
428413,2152,5,5,1,no,no,yes,no,no,4,no,semi-furnished
270162,1510,2,2,1,no,no,yes,no,no,1,no,semi-furnished
360701,1840,3,3,2,yes,no,no,no,no,2,no,unfurnished
251200,1344,3,2,1,no,no,no,no,no,2,no,unfurnished
340137,1662,3,2,1,yes,no,no,no,no,2,no,unfurnished
272191,1434,3,2,1,no,no,no,no,yes,2,no,semi-furnished
405547,1548,3,3,1,yes,no,yes,no,yes,2,no,unfurnished
407962,1797,4,4,1,yes,no,no,no,no,2,no,unfurnished
265066,1090,2,2,1,yes,no,no,no,no,1,yes,semi-furnished
606901,2546,6,6,1,yes,no,yes,no,no,5,yes,furnished
202942,996,2,1,1,no,no,no,yes,no,2,yes,unfurnished
245230,892,1,1,1,no,no,yes,no,no,0,yes,unfurnished
399673,2079,4,3,1,yes,no,no,no,yes,3,no,semi-furnished
398521,1895,4,3,3,no,no,no,no,no,3,no,semi-furnished
328212,1812,3,3,1,yes,no,no,no,no,4,yes,unfurnished
410034,1814,4,4,1,no,yes,no,no,yes,2,yes,unfurnished
317345,1493,4,3,1,no,yes,no,yes,no,3,yes,unfurnished
261227,1051,3,2,1,no,no,yes,no,yes,2,no,unfurnished
289271,1537,3,2,1,no,no,no,no,no,2,no,semi-furnished
264375,1161,4,3,1,no,no,yes,no,no,3,no,unfurnished
409291,1987,5,5,1,yes,no,no,no,yes,2,no,furnished
333029,1426,3,3,1,no,no,no,no,yes,2,yes,semi-furnished
222073,1087,2,2,1,no,yes,no,no,yes,1,no,semi-furnished
291129,1339,3,3,1,no,no,no,no,yes,2,yes,unfurnished
376701,1706,4,4,1,no,no,no,no,no,3,no,semi-furnished
310700,1218,3,2,1,no,no,no,no,no,2,no,unfurnished
287127,1088,3,3,1,no,no,yes,no,no,2,no,furnished
322945,1621,4,4,1,no,no,no,no,no,2,no,furnished
349078,1622,4,4,1,no,no,yes,no,no,4,no,unfurnished
308297,1246,4,3,1,no,no,no,no,no,3,yes,unfurnished
301023,1264,3,1,1,yes,yes,yes,no,no,2,yes,unfurnished
343033,1616,3,3,1,no,no,no,no,no,2,no,semi-furnished
167871,775,1,1,1,no,no,no,no,no,0,no,semi-furnished
259061,796,2,1,1,yes,no,yes,no,no,1,yes,furnished
244491,1140,2,2,1,yes,no,no,no,no,1,no,semi-furnished
337519,1393,3,2,2,no,no,yes,no,no,2,no,unfurnished
335077,1655,3,3,1,yes,no,no,no,no,2,no,semi-furnished
413598,2237,4,4,1,yes,no,yes,no,no,3,no,semi-furnished
466574,1928,5,5,1,no,no,no,no,no,2,no,semi-furnished
294972,1420,4,3,2,yes,no,no,no,no,3,no,semi-furnished
286787,1490,3,3,1,no,no,no,no,no,2,no,semi-furnished
207787,998,1,1,1,yes,no,yes,no,no,0,no,semi-furnished
374367,1490,3,2,1,yes,no,no,no,no,2,no,semi-furnished
345196,1355,3,3,1,no,no,no,yes,yes,2,no,semi-furnished
368678,1661,3,1,1,no,no,no,no,no,2,yes,semi-furnished
291402,1086,3,3,1,yes,yes,no,no,no,2,yes,semi-furnished
446687,1759,4,3,1,yes,no,no,no,yes,2,no,semi-furnished
469355,2266,5,4,1,no,no,yes,no,no,4,no,semi-furnished
322807,1445,3,2,1,yes,no,no,no,no,2,no,unfurnished
375319,1700,3,3,1,yes,no,yes,no,no,2,yes,unfurnished
427701,1845,5,4,1,yes,no,yes,no,yes,2,yes,unfurnished
297759,1299,3,3,1,no,no,yes,no,yes,2,no,semi-furnished
352429,1612,4,3,1,no,no,no,no,no,3,yes,semi-furnished
349965,1506,3,1,2,no,no,no,no,no,2,yes,furnished
305478,1548,3,2,1,no,no,no,no,no,2,no,unfurnished
256912,1113,2,2,1,no,no,yes,no,no,1,yes,unfurnished
343446,1512,3,2,1,no,no,no,no,no,4,no,unfurnished
275137,1748,5,4,1,no,no,no,no,no,2,no,unfurnished
488131,2225,4,4,1,yes,no,no,no,no,5,yes,semi-furnished
380121,1979,3,3,1,no,no,no,yes,no,2,no,unfurnished
577670,2576,7,6,1,no,yes,no,no,no,4,no,semi-furnished
243649,1116,2,2,1,no,no,yes,no,no,1,no,semi-furnished
376480,1936,4,3,1,no,no,no,no,no,2,no,semi-furnished
382915,1591,4,3,1,yes,no,no,yes,no,2,no,furnished
566676,2594,5,4,2,no,no,yes,yes,no,4,no,unfurnished
275610,1095,4,4,1,no,no,yes,no,no,2,no,unfurnished
261059,1080,3,2,1,no,no,no,no,no,2,no,furnished
338017,1200,2,1,1,yes,no,no,yes,yes,2,yes,furnished
136598,438,2,2,1,no,no,no,no,no,1,yes,unfurnished
261180,1237,2,1,1,no,no,no,no,yes,3,yes,unfurnished
283115,1120,3,3,1,no,no,no,no,no,2,no,unfurnished
397990,1575,4,3,1,no,no,yes,no,no,4,yes,unfurnished
418177,1670,5,4,1,no,yes,no,yes,yes,4,no,furnished
486452,2438,7,6,1,no,no,no,no,no,4,no,semi-furnished
368064,1975,4,4,1,no,no,no,no,no,2,yes,unfurnished
251818,1211,2,2,1,no,no,yes,no,no,1,no,furnished
282084,1050,3,1,1,yes,no,no,no,no,2,no,semi-furnished
337532,1745,3,2,1,yes,no,no,no,no,2,yes,unfurnished
246665,839,3,2,1,no,yes,no,no,yes,2,no,furnished
466845,2415,5,4,2,no,no,yes,no,no,4,no,furnished
446908,2089,4,3,2,no,no,no,no,no,3,no,furnished
277310,1265,3,2,1,no,no,no,no,no,2,yes,semi-furnished
176769,643,1,1,1,yes,no,no,no,no,2,no,semi-furnished
351428,2176,4,3,1,no,no,no,no,no,4,no,unfurnished
286571,1442,4,4,1,no,no,no,no,yes,2,no,semi-furnished
491462,2118,4,4,3,yes,yes,no,yes,no,3,yes,furnished
146828,702,1,1,1,yes,no,no,no,no,0,no,unfurnished
315470,1200,3,3,1,no,no,no,no,no,2,no,semi-furnished
284127,1502,4,3,1,yes,no,no,no,no,3,no,semi-furnished
303035,1523,4,3,1,no,no,no,yes,no,3,no,unfurnished
329319,1274,4,5,1,yes,no,no,no,no,3,no,semi-furnished
334262,1811,3,3,1,no,yes,no,no,no,2,no,unfurnished
171321,966,1,1,1,no,no,no,no,no,0,no,semi-furnished
306890,1428,4,4,2,no,no,no,no,no,3,no,unfurnished
352831,1560,3,3,3,no,no,yes,no,no,2,yes,furnished
340838,1757,4,3,1,no,no,no,no,no,3,no,unfurnished
458531,1855,5,5,1,yes,no,no,no,no,2,no,unfurnished
250995,937,2,2,1,yes,no,no,no,yes,1,yes,unfurnished
215467,732,2,1,1,no,no,no,no,yes,1,no,furnished
514618,2138,6,5,1,no,no,yes,no,no,6,yes,semi-furnished
382190,1666,3,3,2,no,no,no,no,yes,2,no,semi-furnished
202537,1125,3,3,1,no,no,no,no,no,2,no,semi-furnished
488797,2275,5,5,1,yes,no,no,yes,yes,4,yes,semi-furnished
389737,1557,4,4,1,yes,no,yes,no,no,2,no,unfurnished
460603,2089,6,6,1,no,no,yes,no,no,4,yes,semi-furnished
375343,1533,4,3,1,no,no,no,no,no,4,no,unfurnished
581282,2530,6,6,1,no,yes,no,no,no,4,no,furnished
483391,2377,6,6,1,no,no,no,yes,no,6,no,semi-furnished
309998,1375,3,2,1,yes,no,yes,no,no,2,yes,unfurnished
373262,1985,4,3,1,no,no,no,no,yes,3,yes,unfurnished
333929,1822,3,2,1,yes,no,no,no,no,2,no,semi-furnished
354320,2184,3,3,1,no,no,yes,no,no,2,no,unfurnished
306196,1017,4,4,1,yes,no,no,no,no,2,yes,unfurnished
327042,1843,3,2,2,no,no,no,yes,no,2,yes,unfurnished
475382,2029,4,4,1,yes,no,yes,no,yes,3,yes,semi-furnished
153756,620,1,1,1,no,no,no,no,no,0,no,semi-furnished
193329,908,2,2,1,no,no,yes,yes,no,2,no,unfurnished
181636,480,2,1,1,no,no,no,no,no,1,yes,unfurnished
340228,1365,4,3,2,no,no,no,no,yes,2,no,semi-furnished
411228,1858,4,3,1,no,no,no,no,no,3,yes,semi-furnished
444405,2251,5,5,2,yes,no,no,no,no,4,no,unfurnished
331146,1537,4,3,1,no,no,no,no,no,2,no,unfurnished
527265,2314,5,4,1,no,no,yes,no,no,6,no,furnished
244139,809,3,3,1,yes,no,no,no,no,2,no,furnished
242194,648,2,1,1,yes,no,no,no,yes,2,no,furnished
342844,1472,4,3,1,no,no,yes,no,no,3,no,furnished
405993,1692,4,5,1,no,no,yes,no,yes,2,no,unfurnished
346905,1483,4,4,1,no,no,yes,no,yes,2,no,unfurnished
160083,466,1,1,1,no,no,yes,no,no,0,yes,unfurnished
256076,1455,2,2,1,yes,no,no,no,no,3,no,unfurnished
229249,847,2,1,1,yes,no,no,no,no,2,no,furnished
391615,1834,4,4,3,no,no,no,no,no,2,yes,semi-furnished
338383,1683,3,3,1,yes,no,no,no,no,2,yes,semi-furnished
283287,1030,3,2,1,no,no,no,no,no,4,no,unfurnished
316651,1243,4,3,1,no,no,no,no,no,3,yes,furnished
249616,970,2,1,1,yes,yes,yes,no,no,4,no,furnished
286680,1468,3,2,1,no,yes,no,no,no,2,no,unfurnished
398919,1977,6,5,1,yes,no,no,no,no,3,no,furnished
241714,1007,2,1,1,no,no,yes,no,no,1,no,unfurnished
392130,1752,6,5,1,yes,no,yes,no,no,3,no,unfurnished
285686,1234,3,3,1,no,no,no,no,no,2,no,semi-furnished
289715,1103,1,1,1,yes,yes,no,no,no,2,yes,semi-furnished
292335,1446,4,3,1,no,no,no,no,no,2,no,unfurnished
250048,982,2,2,1,no,no,no,no,yes,1,yes,unfurnished
323690,1223,4,4,1,yes,no,no,no,yes,3,yes,furnished
259602,901,2,2,1,no,no,no,no,yes,1,no,semi-furnished
580280,2482,5,5,2,yes,no,yes,no,no,4,yes,semi-furnished
309201,1517,3,3,1,no,no,no,yes,yes,2,no,unfurnished
248616,1150,2,2,1,yes,no,no,no,no,1,yes,unfurnished
332658,1606,3,2,1,no,no,yes,no,no,2,yes,unfurnished
318262,1443,3,3,1,yes,no,no,no,no,2,yes,unfurnished
370782,1389,3,3,2,no,no,no,no,no,2,yes,unfurnished
356129,1807,5,4,1,yes,no,yes,no,no,2,no,unfurnished
375365,1878,4,4,1,no,no,no,no,no,2,no,semi-furnished
273678,1234,2,2,1,yes,no,yes,no,no,2,no,unfurnished
268890,1212,3,2,1,no,no,no,no,no,2,no,furnished
331534,1362,4,4,1,no,no,yes,no,no,2,yes,unfurnished
135609,349,1,2,1,yes,no,no,no,no,0,no,semi-furnished
218291,742,2,1,1,no,yes,no,yes,no,1,yes,unfurnished
508587,2183,5,4,1,yes,no,yes,no,yes,6,no,semi-furnished
466776,2322,5,5,1,no,no,no,no,no,4,no,unfurnished
241573,1375,4,4,1,no,no,no,no,no,2,no,furnished
406071,1788,4,3,3,no,no,no,no,no,4,no,semi-furnished
309368,1655,4,4,1,no,no,yes,no,no,2,no,semi-furnished
625428,3039,6,5,3,yes,no,no,no,no,4,no,unfurnished
474104,2059,4,4,1,no,no,no,no,yes,5,no,semi-furnished
328991,1436,4,3,1,yes,no,no,no,yes,2,yes,semi-furnished
239517,1022,2,3,1,no,no,yes,no,yes,1,no,unfurnished
216611,696,3,4,1,no,no,no,no,yes,2,no,semi-furnished
360550,1601,3,2,1,no,no,no,no,yes,2,no,furnished
301797,1121,3,2,1,yes,no,yes,no,no,2,yes,semi-furnished
254471,788,2,2,1,yes,no,no,no,no,2,no,furnished
270796,1176,2,1,1,yes,no,no,no,no,2,no,furnished
231484,959,1,1,1,yes,no,no,yes,no,2,no,furnished
488813,2343,4,4,1,yes,no,no,no,yes,5,yes,unfurnished
423832,1940,5,3,2,no,no,no,no,no,2,no,semi-furnished
256160,1496,3,2,1,no,no,no,no,no,2,no,semi-furnished
498057,2239,7,6,1,no,no,no,no,no,6,no,semi-furnished
308820,1538,3,2,1,no,no,no,no,no,2,no,furnished
277501,1069,3,3,1,yes,no,no,no,no,2,no,unfurnished
497732,2261,6,5,2,no,no,no,no,no,6,yes,unfurnished
386272,1769,5,5,2,yes,no,no,no,no,2,yes,unfurnished
248866,981,4,3,1,no,no,no,no,no,2,no,unfurnished
276277,1404,4,3,1,no,no,no,yes,no,2,no,unfurnished
254166,1062,3,3,1,yes,no,yes,no,no,2,yes,semi-furnished
215824,808,2,2,1,no,no,yes,yes,no,1,no,unfurnished
444228,1963,5,5,1,yes,yes,no,no,no,2,no,semi-furnished
504658,2454,5,5,1,no,no,yes,no,no,4,no,semi-furnished
199866,800,1,1,1,no,no,no,no,no,0,yes,unfurnished
390762,1781,4,3,2,yes,yes,no,no,yes,2,yes,unfurnished
215958,1174,2,1,1,no,no,yes,no,no,1,no,semi-furnished
260254,1256,2,1,1,no,no,no,yes,yes,2,no,semi-furnished
278399,1203,3,4,1,no,no,no,no,no,2,no,furnished
258484,1068,3,3,1,yes,no,no,no,no,2,no,furnished
320817,1524,3,2,1,no,no,no,no,no,4,no,furnished
250208,1084,3,2,1,yes,no,no,no,no,2,no,semi-furnished
328622,1635,3,3,3,yes,no,no,no,yes,2,no,furnished
317272,1474,3,3,1,yes,no,no,yes,no,2,no,furnished
295091,1380,3,3,1,yes,no,no,no,yes,2,no,furnished
241922,1046,1,1,1,yes,no,yes,no,no,0,yes,unfurnished
271293,1211,3,2,1,no,no,yes,yes,no,2,no,furnished
475035,1877,4,4,3,yes,no,no,no,no,2,yes,semi-furnished
441169,1750,5,5,1,yes,no,no,no,no,2,no,semi-furnished
266034,1011,3,1,1,yes,no,no,yes,yes,2,no,unfurnished
277561,1549,3,2,1,no,no,no,no,no,2,yes,unfurnished
432480,1875,5,4,1,no,no,no,no,yes,2,no,unfurnished
238499,665,2,2,1,yes,yes,no,no,yes,2,no,unfurnished
399119,1771,4,5,1,yes,no,no,no,yes,4,no,unfurnished
325292,1168,2,2,1,yes,no,yes,no,no,1,yes,furnished
325186,1785,3,2,1,yes,no,no,no,no,2,no,unfurnished
251093,1118,2,2,1,yes,no,no,yes,yes,4,yes,unfurnished
188437,597,2,2,1,no,no,no,no,yes,2,yes,unfurnished
276982,686,3,3,1,yes,no,no,no,no,2,yes,semi-furnished
301098,1524,4,4,1,no,no,no,no,no,2,yes,unfurnished
337467,1629,3,4,1,yes,no,no,no,no,2,no,unfurnished
224251,1047,2,1,1,no,no,no,no,no,2,no,semi-furnished
349331,1819,4,4,1,no,no,no,no,no,2,no,semi-furnished
140125,669,1,1,1,no,no,no,no,no,0,no,unfurnished
338867,1466,3,3,1,no,yes,no,no,no,4,yes,unfurnished
185543,894,2,1,1,no,no,no,yes,no,1,no,unfurnished
230315,1174,2,1,1,no,no,no,no,no,1,yes,furnished
301865,1523,2,1,1,no,yes,yes,yes,no,2,no,unfurnished
276115,1069,3,3,1,no,no,no,no,no,2,no,semi-furnished
316420,1307,3,3,1,no,no,no,no,no,2,yes,unfurnished
363202,2003,4,3,1,no,no,no,yes,no,3,no,semi-furnished
233363,1211,1,1,1,yes,no,no,no,no,2,yes,unfurnished
362604,1917,4,3,1,no,no,no,no,yes,2,no,unfurnished
309716,935,3,2,1,yes,no,no,no,yes,2,yes,semi-furnished
397186,1764,5,4,1,yes,no,no,no,no,2,no,unfurnished
479991,2220,5,4,1,no,no,no,yes,no,4,yes,unfurnished
168177,300,1,2,1,yes,no,yes,no,no,2,no,semi-furnished
275078,1101,3,3,1,no,no,no,no,no,2,no,furnished
355962,1788,3,2,1,yes,no,yes,no,no,2,no,unfurnished
332490,1398,3,2,1,no,yes,yes,no,yes,2,no,semi-furnished
340636,1685,4,4,1,no,no,no,no,no,2,no,furnished
281803,1198,4,5,1,no,no,yes,no,no,2,no,furnished
352430,1543,3,2,1,no,no,no,no,yes,2,yes,semi-furnished
350191,1422,3,1,1,no,yes,no,no,yes,2,yes,semi-furnished
376928,2083,4,5,1,no,no,no,no,yes,3,no,unfurnished
342363,1627,3,3,1,no,no,no,no,no,2,no,semi-furnished
400646,1668,4,3,1,yes,no,no,no,no,3,no,unfurnished
294227,1294,3,3,1,no,no,no,no,no,2,yes,unfurnished
258611,1256,3,1,1,no,yes,yes,yes,no,2,no,unfurnished
285745,1283,2,2,1,no,no,no,no,yes,2,yes,unfurnished
367699,1697,5,5,2,no,no,no,no,no,2,no,semi-furnished
266832,1289,3,3,1,no,no,no,no,no,2,no,semi-furnished
390355,1644,4,3,1,yes,no,no,no,no,3,yes,semi-furnished
438849,2537,5,5,1,yes,yes,no,yes,no,4,no,unfurnished
347780,1935,3,2,2,yes,no,no,no,no,2,yes,unfurnished
306793,1336,4,4,1,no,no,no,no,no,2,no,semi-furnished
466167,2100,5,4,2,no,yes,yes,no,no,4,no,furnished
289134,1295,3,2,1,yes,no,no,no,no,2,no,unfurnished
157092,480,1,1,1,no,no,no,no,no,2,no,unfurnished
285770,995,3,3,1,no,no,no,no,yes,2,yes,furnished
166273,564,1,1,1,no,no,yes,no,no,2,no,unfurnished
286618,1324,3,2,1,yes,yes,no,yes,no,2,no,furnished
386447,1509,4,4,2,yes,no,no,no,no,3,no,semi-furnished
445955,2338,4,3,1,yes,no,yes,no,no,3,yes,unfurnished
347534,1663,4,3,1,yes,no,no,no,no,2,no,unfurnished
273398,1390,2,1,1,yes,no,no,no,yes,1,no,unfurnished
448948,1914,5,6,1,yes,no,no,yes,no,2,no,unfurnished
113941,394,1,1,1,no,no,no,no,no,0,no,furnished
260764,1617,2,2,1,yes,yes,no,yes,no,1,no,semi-furnished
407128,1885,5,5,1,no,no,yes,no,yes,2,no,semi-furnished
198367,760,1,1,1,yes,no,no,yes,yes,0,no,semi-furnished
480300,2071,4,5,2,yes,no,yes,no,yes,3,yes,unfurnished
380415,1669,4,4,1,no,no,no,no,no,2,no,semi-furnished
354008,1292,4,4,1,yes,no,yes,no,no,4,no,semi-furnished
323632,1816,3,2,1,no,no,no,yes,no,2,no,semi-furnished
432379,2635,6,6,1,yes,no,no,no,no,5,no,unfurnished
330406,1590,4,4,1,no,no,no,no,no,2,no,semi-furnished
444669,1624,4,3,3,no,yes,yes,no,no,2,yes,furnished
255139,1270,3,2,1,no,no,no,no,no,2,no,unfurnished
225510,1075,2,1,1,no,no,yes,no,no,1,no,unfurnished
416378,1915,4,3,2,no,yes,yes,no,no,2,no,semi-furnished
201690,1071,2,1,1,no,no,no,no,no,2,no,unfurnished
328816,1535,3,3,1,no,no,no,yes,no,2,no,semi-furnished
301200,1261,1,1,1,yes,no,no,no,no,0,yes,furnished
356680,1739,4,3,1,yes,no,no,no,no,2,no,semi-furnished
323771,1666,4,4,1,no,no,no,yes,no,3,no,semi-furnished
398028,2018,3,3,1,no,yes,no,no,yes,4,no,semi-furnished
205742,1244,2,1,1,no,no,no,no,yes,2,no,unfurnished
330473,1365,3,2,1,yes,no,yes,no,no,2,yes,unfurnished
316243,1010,4,4,1,no,no,no,no,yes,2,yes,furnished
337085,1277,3,3,1,yes,no,no,yes,no,2,no,semi-furnished
308694,1688,3,2,1,no,no,no,no,no,2,no,unfurnished
394855,1878,4,2,1,yes,no,yes,no,no,3,no,unfurnished
243538,1038,3,3,1,no,yes,no,yes,no,2,no,semi-furnished
374100,1934,4,3,1,yes,no,no,no,no,2,no,semi-furnished
391792,2177,4,3,1,no,no,yes,yes,yes,4,no,furnished
340333,1706,3,2,1,no,no,no,no,yes,2,yes,unfurnished
475651,2438,5,4,2,no,no,no,no,no,4,no,furnished
265773,1113,3,2,1,no,yes,no,no,no,2,no,semi-furnished
234906,877,3,1,1,no,no,yes,no,no,2,yes,semi-furnished
186435,610,2,2,1,no,no,no,yes,yes,1,no,semi-furnished
445551,2248,5,5,2,no,no,no,no,no,4,no,unfurnished
402281,1827,4,4,1,yes,yes,no,yes,no,4,no,furnished
311631,1472,2,1,1,no,no,yes,no,yes,2,yes,unfurnished
350814,1639,4,3,1,no,no,yes,no,yes,2,no,unfurnished
261447,937,2,1,1,yes,no,no,no,no,1,yes,furnished
589891,2722,6,6,2,yes,no,yes,no,no,5,yes,semi-furnished
399185,1564,6,6,2,no,no,no,no,no,4,no,furnished
334570,1554,4,3,1,yes,no,no,no,no,2,no,semi-furnished
355861,1862,4,4,2,no,no,no,no,no,2,no,unfurnished
381490,1740,4,4,2,yes,no,no,no,no,2,no,furnished
400269,1611,4,4,1,no,no,yes,no,no,2,no,unfurnished
258147,1104,3,3,1,no,no,yes,no,no,2,no,furnished
341415,1735,3,3,1,no,no,yes,no,yes,2,no,unfurnished
502834,2441,6,6,2,no,no,no,yes,no,4,no,furnished
398599,2172,4,4,1,no,no,no,no,no,3,no,unfurnished
503806,2296,6,6,3,no,no,yes,no,no,4,no,semi-furnished
337658,1244,4,3,1,yes,no,no,no,no,2,yes,furnished
221494,1005,2,2,1,yes,yes,no,no,no,3,no,semi-furnished
364356,1437,4,4,1,yes,no,no,yes,no,2,no,semi-furnished
340649,1527,3,2,1,no,no,yes,yes,no,2,no,furnished
400430,2047,5,4,1,yes,no,yes,no,no,4,no,semi-furnished
190181,653,2,2,1,yes,no,yes,no,no,1,yes,furnished
391485,2264,4,4,1,no,no,no,no,no,4,no,unfurnished
298491,1420,3,3,2,no,no,no,no,no,2,no,unfurnished
396093,1286,4,4,1,no,yes,no,no,no,3,yes,unfurnished
254771,993,2,3,1,yes,no,no,no,yes,1,no,unfurnished
139976,672,1,1,1,yes,no,no,yes,no,0,no,unfurnished
361226,1911,4,4,1,no,no,no,no,no,3,no,semi-furnished
362769,1536,4,4,1,yes,no,yes,no,no,4,no,unfurnished
228138,855,3,2,1,no,no,no,no,yes,2,no,unfurnished
158598,852,1,1,1,no,no,no,no,yes,0,no,unfurnished
298580,1332,3,4,1,no,no,no,no,no,2,no,furnished
459116,2334,6,5,1,yes,no,no,no,no,4,no,semi-furnished
251082,1370,3,2,1,no,no,no,no,no,2,no,unfurnished
204929,748,2,1,1,no,no,yes,no,no,1,no,furnished
288033,1377,2,1,1,no,no,yes,no,yes,1,no,unfurnished
348532,1363,3,2,1,yes,no,yes,no,yes,2,no,furnished
143295,300,1,1,1,yes,no,no,no,no,2,no,semi-furnished
330927,1472,4,3,1,yes,no,yes,no,yes,2,no,unfurnished
338377,1384,4,4,1,no,yes,no,no,no,2,no,semi-furnished
445509,1848,6,6,1,no,no,no,no,no,3,yes,semi-furnished
514333,2424,6,5,1,no,no,no,yes,yes,4,yes,unfurnished
449435,2063,5,5,1,no,no,no,yes,no,6,yes,furnished
300366,1365,3,3,1,no,no,no,no,yes,2,yes,unfurnished
228865,946,2,2,1,no,no,yes,no,yes,1,no,unfurnished
667298,2786,6,5,1,no,no,yes,no,no,5,yes,unfurnished
325131,1529,3,3,1,yes,no,no,no,no,2,no,unfurnished
296478,1506,3,2,1,no,no,no,no,no,2,yes,unfurnished
324304,1487,4,4,1,yes,no,no,no,no,2,no,furnished
301532,1599,3,3,1,no,no,no,yes,no,2,no,unfurnished
395982,1427,4,4,1,no,no,no,no,no,3,yes,unfurnished
274503,1213,4,3,1,no,no,no,no,no,2,no,semi-furnished
330474,1226,3,2,1,yes,no,no,no,no,2,yes,furnished
276390,1483,2,2,1,no,no,no,no,no,1,no,furnished
268863,1228,2,1,1,yes,no,no,no,yes,1,no,semi-furnished
322362,1143,3,3,1,no,yes,no,no,yes,4,no,furnished
340056,1553,3,2,1,yes,no,no,yes,no,4,yes,semi-furnished
275733,1372,2,2,1,no,no,yes,no,no,2,no,furnished
500794,2251,5,4,1,no,no,no,no,no,4,no,semi-furnished
108956,300,1,1,1,no,no,no,no,no,0,no,unfurnished
444865,2045,5,5,1,no,no,no,no,no,4,no,unfurnished
485528,2123,5,4,2,yes,no,no,no,no,4,no,semi-furnished
167500,463,1,1,1,yes,no,yes,no,no,2,no,unfurnished
346522,1328,3,3,1,no,no,no,no,no,2,yes,unfurnished
284676,1314,2,1,1,yes,no,no,no,no,1,yes,semi-furnished
247443,796,3,2,1,yes,no,no,no,no,2,no,furnished
225684,1111,2,1,1,no,yes,no,no,yes,1,yes,unfurnished
242168,944,3,3,1,no,no,no,no,no,2,yes,semi-furnished
462923,2376,6,5,1,yes,no,no,no,no,4,yes,semi-furnished
488197,1967,5,5,2,yes,no,no,yes,no,2,no,furnished
360655,2135,4,3,1,yes,no,yes,no,yes,4,no,furnished
357317,1860,4,4,1,no,no,no,no,no,2,no,semi-furnished
184954,935,2,1,1,no,yes,yes,no,no,1,yes,semi-furnished
237519,1237,2,1,1,no,no,yes,no,yes,1,no,unfurnished
348051,1744,4,4,1,no,no,no,no,no,3,no,semi-furnished
215004,888,1,1,1,yes,no,no,no,no,0,no,semi-furnished
444387,1856,5,5,1,no,yes,yes,no,no,4,no,furnished
281386,1379,3,3,1,no,no,no,no,yes,2,no,semi-furnished
320634,1312,3,2,1,yes,no,yes,no,no,2,no,unfurnished
403174,1855,4,4,1,no,no,no,no,no,4,yes,semi-furnished
366739,1722,4,4,1,no,no,no,no,no,2,yes,unfurnished
261447,1319,3,2,1,no,no,no,no,no,2,yes,unfurnished
369682,2079,4,3,1,no,no,no,no,no,5,no,unfurnished
253187,959,3,2,1,yes,no,no,no,yes,2,yes,unfurnished
369207,1807,3,2,1,yes,no,no,no,yes,2,no,furnished
383897,1796,4,4,1,no,no,no,no,no,3,yes,unfurnished
373461,1345,4,4,1,yes,no,no,no,yes,3,no,unfurnished
352082,1663,3,3,1,no,yes,no,no,no,2,no,furnished
144051,874,1,1,1,no,no,no,no,no,2,no,unfurnished
405791,1962,5,5,1,no,no,no,yes,no,2,no,unfurnished
283622,1407,3,3,1,no,no,no,yes,yes,2,yes,unfurnished
270874,1238,3,3,1,no,no,yes,no,no,4,no,unfurnished
421585,2024,5,5,2,no,no,no,no,no,4,yes,unfurnished
260066,1147,3,4,1,no,no,no,no,yes,2,no,unfurnished
219293,795,3,3,1,yes,no,no,no,yes,2,no,semi-furnished
216996,721,2,2,1,yes,no,no,no,no,1,yes,unfurnished
368481,1803,4,4,2,yes,no,no,no,yes,2,yes,unfurnished
243845,859,2,2,1,yes,no,yes,no,no,1,no,furnished
607446,2377,7,6,1,yes,no,no,no,yes,4,no,unfurnished
134119,459,1,1,1,yes,no,no,no,no,0,no,furnished
464931,2348,5,5,1,no,no,no,no,no,6,no,semi-furnished
282216,1605,4,3,3,no,no,no,no,no,2,no,unfurnished
338763,1451,3,3,1,yes,no,yes,no,no,2,yes,semi-furnished
237873,1227,1,1,1,no,no,no,no,no,2,no,unfurnished
389089,1699,4,3,1,no,no,no,yes,yes,2,yes,unfurnished
346854,1481,3,3,1,yes,no,yes,no,no,4,no,semi-furnished
410376,2051,4,2,1,no,no,no,no,no,3,no,semi-furnished
428319,1557,4,4,1,no,no,no,yes,no,2,yes,semi-furnished
407040,1575,4,4,2,no,no,no,no,no,2,no,furnished
269407,1318,3,2,1,no,no,yes,no,no,2,no,unfurnished
280660,1471,3,3,1,yes,no,no,no,no,2,no,semi-furnished
367034,1653,4,5,1,no,no,no,no,no,3,yes,semi-furnished
177713,644,1,1,1,yes,no,no,no,no,0,yes,furnished
212402,825,2,1,1,no,no,no,no,no,2,no,furnished
373539,1871,5,5,1,no,no,no,no,no,4,no,furnished
323305,1585,3,4,1,no,yes,no,no,no,2,no,unfurnished
381958,1408,4,4,1,yes,yes,no,no,no,2,yes,semi-furnished
297663,1509,3,3,1,no,no,no,no,no,2,no,unfurnished
338994,1673,4,4,1,no,yes,yes,no,no,3,no,unfurnished
323382,1230,3,2,1,no,no,yes,no,yes,2,no,furnished
234682,1110,4,3,1,no,no,yes,no,no,2,no,unfurnished
359947,1597,3,3,1,no,yes,yes,no,yes,4,no,furnished
230429,1010,2,3,1,no,no,no,no,yes,1,no,unfurnished
370952,1704,4,4,1,no,no,yes,no,no,2,no,furnished
160038,648,1,1,1,no,no,yes,yes,no,0,no,unfurnished
443322,2014,5,6,1,no,no,no,no,no,4,no,unfurnished
344342,1736,3,2,1,no,no,yes,no,no,4,no,unfurnished
333250,1628,3,2,2,yes,no,no,no,no,2,no,semi-furnished
434282,1991,4,4,2,no,no,yes,no,yes,4,yes,unfurnished
492507,2332,6,6,2,no,no,no,yes,no,4,yes,semi-furnished
498379,2007,6,6,1,yes,no,no,no,no,4,yes,unfurnished
146490,579,1,1,1,no,no,no,no,no,0,yes,unfurnished
232981,860,2,2,1,no,no,no,yes,no,1,yes,unfurnished
273856,1187,3,3,1,no,no,yes,no,no,2,no,unfurnished
331150,1513,4,4,1,no,no,no,yes,no,3,no,furnished
376719,1758,3,1,2,yes,no,no,no,no,2,no,furnished
266003,1137,3,2,1,yes,no,no,no,no,2,yes,unfurnished
390109,1593,4,4,1,no,no,no,no,no,4,yes,semi-furnished
272195,1122,3,2,1,yes,no,no,no,no,2,no,semi-furnished
264052,1194,3,3,1,yes,no,no,no,no,2,no,unfurnished
187112,796,2,1,1,no,no,no,no,no,1,no,unfurnished
229161,1038,1,2,1,yes,no,no,no,no,0,no,semi-furnished
221667,824,2,2,1,no,no,yes,no,no,1,no,unfurnished
221319,1012,2,1,1,no,no,no,no,no,1,no,unfurnished
410649,2026,3,2,1,yes,no,yes,no,no,4,no,unfurnished
243824,1025,3,2,1,yes,no,yes,no,no,2,no,semi-furnished
666013,2816,7,6,1,no,no,no,no,no,6,no,unfurnished
309385,1746,4,4,1,no,no,no,no,no,2,no,unfurnished
382002,1592,4,3,1,yes,yes,no,no,yes,2,no,unfurnished
311799,1070,4,3,1,no,no,yes,yes,no,3,yes,unfurnished
369676,1850,5,5,1,yes,no,yes,no,no,2,no,unfurnished
303393,1212,4,4,1,no,no,no,no,no,3,no,furnished
363018,1561,4,3,2,yes,no,no,no,yes,3,no,unfurnished
642346,2780,6,6,3,yes,no,no,yes,no,4,no,semi-furnished
260363,1451,2,1,1,yes,no,no,yes,no,1,no,unfurnished
415976,2074,4,4,2,no,yes,no,no,no,3,no,semi-furnished
198205,1148,2,2,1,no,no,no,no,no,2,no,semi-furnished
397252,1482,5,4,1,no,no,no,no,no,2,yes,unfurnished
433591,2385,5,5,1,no,no,no,no,no,4,no,furnished
303043,1186,3,2,1,yes,no,no,no,no,2,yes,semi-furnished
533358,2406,6,5,1,yes,no,no,no,no,6,yes,furnished
360511,1853,4,3,1,no,no,no,no,yes,2,no,unfurnished
332385,1218,4,3,1,no,no,no,no,no,2,yes,furnished
411443,1816,4,3,1,no,no,no,no,no,3,no,semi-furnished
463461,1986,5,4,1,yes,no,yes,yes,no,2,yes,furnished
402230,1810,4,3,1,no,no,no,no,no,3,yes,semi-furnished
203908,714,1,1,1,yes,no,yes,no,no,2,no,semi-furnished
262045,1136,2,1,1,no,no,yes,yes,no,1,no,semi-furnished
297672,1376,3,2,1,yes,no,no,yes,no,2,no,furnished
330631,1462,3,2,1,no,no,no,yes,no,2,no,furnished
404177,1810,4,4,1,yes,no,no,no,no,2,no,unfurnished
352668,1588,3,3,1,no,yes,no,no,no,2,no,semi-furnished
180761,832,2,1,1,no,no,no,no,no,2,no,unfurnished
316480,1690,3,2,1,no,no,no,no,no,2,no,semi-furnished
388910,1805,5,4,1,no,no,no,no,no,4,no,unfurnished
333412,1779,4,3,1,no,no,no,no,yes,2,yes,unfurnished
476747,2040,4,3,2,no,no,no,yes,no,4,no,furnished
367559,1916,4,3,1,no,no,no,no,no,3,no,unfurnished
348214,1729,3,2,1,yes,no,no,no,no,2,no,semi-furnished
301108,1464,3,2,1,no,no,yes,no,yes,2,no,semi-furnished
153992,669,2,2,1,no,no,no,no,no,1,no,unfurnished
307087,1714,2,2,1,no,no,yes,yes,yes,1,no,unfurnished
336153,1603,4,3,1,no,no,no,no,no,2,no,semi-furnished
381713,1635,4,3,1,yes,no,no,no,no,2,yes,unfurnished
254573,861,2,1,1,yes,no,no,no,no,3,yes,furnished
245712,959,2,1,1,yes,no,no,no,yes,1,no,furnished
400035,2026,4,3,2,yes,no,no,no,no,3,no,unfurnished
352042,1480,3,3,1,no,no,yes,no,yes,2,yes,unfurnished
438278,1840,4,2,1,no,no,no,no,no,5,yes,semi-furnished
337705,1514,4,3,1,no,no,no,no,no,2,no,semi-furnished
320153,1514,3,3,1,no,no,no,no,no,2,no,unfurnished
447565,1969,6,6,1,yes,no,no,no,no,3,no,unfurnished
259455,1241,3,4,1,no,no,yes,no,no,2,no,semi-furnished
322362,1548,3,3,1,no,no,yes,no,no,2,yes,furnished
265482,1268,2,1,1,no,yes,yes,no,no,1,no,unfurnished
270603,1282,2,1,1,no,no,no,yes,yes,1,yes,unfurnished
297513,1345,2,1,1,no,no,no,no,no,2,yes,furnished
391632,1611,4,3,1,no,no,no,no,no,4,no,semi-furnished
295417,1260,3,2,1,no,no,no,no,yes,2,no,semi-furnished
498886,2127,4,4,1,yes,no,no,no,yes,3,yes,semi-furnished
311582,1052,3,2,1,yes,yes,no,no,no,4,yes,furnished
279429,1406,3,2,1,no,no,yes,no,no,2,no,semi-furnished
290250,1280,3,2,1,no,no,yes,no,no,2,no,furnished
469457,2223,6,6,2,no,no,no,no,no,4,yes,semi-furnished
370869,1598,4,3,1,no,no,no,no,no,2,no,semi-furnished
442092,2015,4,5,1,no,no,no,no,no,3,yes,unfurnished
177954,757,1,1,1,yes,no,no,no,no,0,no,unfurnished
331816,1633,2,2,1,no,no,no,no,no,2,no,semi-furnished
324694,1944,4,4,1,no,no,yes,yes,no,2,no,unfurnished
341255,1541,3,3,1,yes,no,no,no,no,2,no,semi-furnished
340908,2032,4,2,1,no,no,no,no,no,4,no,unfurnished
274760,1241,3,2,1,no,no,no,no,no,2,no,furnished
467523,2204,5,5,1,no,no,yes,no,yes,4,yes,unfurnished
584255,2649,6,5,1,no,no,no,no,yes,5,yes,furnished
302585,1318,2,1,1,yes,no,yes,no,no,4,no,semi-furnished
318150,1277,3,2,1,no,no,no,yes,no,2,yes,unfurnished
433205,2226,5,6,1,no,no,no,no,no,4,no,semi-furnished
464623,2289,4,4,1,no,no,yes,no,no,4,no,unfurnished
320668,1238,4,3,1,yes,no,yes,no,yes,2,no,unfurnished
248306,1289,3,3,1,no,no,yes,no,no,2,no,unfurnished
267836,1359,3,2,1,yes,no,no,no,no,2,no,unfurnished
222539,827,2,1,1,yes,no,yes,no,no,1,no,furnished
249159,1040,2,1,1,no,no,no,no,no,1,yes,unfurnished
282754,997,3,3,1,yes,no,yes,no,no,2,no,semi-furnished
251056,1116,3,2,1,no,no,yes,no,no,2,yes,unfurnished
327126,1482,3,2,1,yes,no,no,no,no,2,yes,semi-furnished
385639,1617,4,3,1,no,no,no,no,no,3,no,unfurnished
488307,2275,4,5,1,yes,no,yes,yes,no,3,yes,semi-furnished
254165,1000,2,2,1,yes,no,no,no,no,2,yes,semi-furnished
452154,1992,4,5,1,yes,no,no,no,no,3,yes,semi-furnished
295148,1393,3,2,1,no,no,no,no,no,2,no,unfurnished
291942,1475,3,3,1,no,no,no,no,no,2,no,semi-furnished
396776,1837,3,2,2,yes,no,no,no,no,2,yes,unfurnished
205994,938,2,2,1,no,no,no,no,no,2,no,unfurnished
394380,1691,4,3,1,no,no,yes,no,no,3,yes,unfurnished
333426,1583,4,4,1,no,no,no,no,no,2,no,unfurnished
350534,1746,3,2,1,no,no,no,no,yes,2,no,semi-furnished
367516,1644,5,4,1,no,no,yes,no,yes,4,no,semi-furnished
512219,2727,5,4,2,yes,no,yes,no,no,6,no,unfurnished
284743,1181,3,2,1,no,no,yes,no,no,2,no,unfurnished
277307,1234,3,2,1,no,no,no,no,no,2,yes,unfurnished
249114,1188,2,1,1,no,no,no,no,yes,1,no,semi-furnished
319609,1222,4,4,1,yes,no,no,no,no,2,yes,semi-furnished
270890,1181,2,1,1,yes,no,yes,no,no,1,no,unfurnished
443607,2094,5,5,2,no,no,no,no,no,4,yes,semi-furnished
460153,2210,6,6,1,no,no,no,no,no,4,no,semi-furnished
283449,1214,2,1,1,no,no,no,no,yes,1,yes,semi-furnished
296386,1083,3,2,1,no,no,no,yes,no,2,yes,semi-furnished
352772,1735,4,3,1,yes,no,no,no,no,3,no,semi-furnished
344441,1223,3,3,1,yes,no,no,no,yes,2,no,semi-furnished
376115,1816,4,4,1,no,no,no,no,yes,2,no,unfurnished
300744,1601,3,2,1,yes,no,no,no,yes,2,no,unfurnished
209035,742,2,2,1,yes,no,no,no,no,2,no,unfurnished
479601,2273,6,5,1,no,no,no,yes,no,5,yes,semi-furnished
504574,2397,4,4,1,no,no,yes,no,no,4,yes,furnished
326038,1193,4,4,1,yes,no,no,no,yes,2,yes,unfurnished
261263,1306,2,1,1,no,no,yes,no,no,2,no,unfurnished
335637,1642,4,3,1,no,no,no,no,no,3,yes,semi-furnished
411220,1667,4,3,1,yes,no,no,no,no,2,yes,furnished
358902,1829,3,3,1,no,no,yes,no,yes,2,yes,furnished
476245,2505,5,5,1,no,no,yes,no,yes,4,yes,semi-furnished
290617,1411,2,1,1,no,no,no,no,no,3,no,furnished
286570,1100,2,2,1,no,no,no,no,yes,1,yes,unfurnished
176089,810,2,1,1,no,no,no,no,no,1,no,unfurnished
276777,1134,3,2,1,yes,no,no,no,no,2,no,unfurnished
359379,1483,4,3,2,no,no,no,no,no,2,no,semi-furnished
532204,2397,6,5,1,no,no,no,no,no,5,yes,unfurnished
233947,1241,2,1,1,no,no,no,no,no,1,no,semi-furnished
313354,1611,3,2,1,no,no,yes,no,no,2,yes,semi-furnished
237896,1491,2,2,1,yes,no,no,yes,no,1,no,unfurnished
430043,2094,4,3,2,no,no,no,no,no,3,yes,furnished
578375,2763,7,5,1,no,no,no,no,no,4,no,unfurnished
263082,1234,4,2,1,yes,no,no,yes,no,2,no,unfurnished
262526,1255,2,1,1,no,no,no,no,no,2,no,semi-furnished
383122,2022,4,4,1,no,no,yes,no,no,5,no,unfurnished
387057,1840,4,2,2,no,yes,no,no,yes,2,no,semi-furnished
587229,2423,6,5,3,yes,yes,yes,no,no,4,no,furnished
366506,1791,3,2,1,no,no,yes,no,no,4,yes,furnished
323756,1320,3,3,1,yes,no,yes,no,no,2,no,furnished
365834,1795,4,3,1,yes,no,no,no,yes,3,no,unfurnished
450539,2054,5,5,1,no,no,no,no,no,4,no,semi-furnished
445430,1910,5,5,1,yes,no,no,no,no,4,yes,unfurnished
371030,1753,4,2,1,yes,yes,no,yes,yes,2,no,unfurnished
477939,2033,4,4,1,yes,no,no,no,no,3,yes,unfurnished
482351,2084,5,5,1,yes,no,no,no,no,4,yes,unfurnished
459084,2191,5,5,1,yes,no,no,no,no,4,yes,furnished
398126,1824,4,6,1,no,no,no,no,no,3,yes,unfurnished
303069,1416,3,1,1,yes,no,no,no,yes,2,no,semi-furnished
387232,1573,5,6,1,yes,no,no,no,no,4,no,unfurnished
573768,2103,5,4,2,yes,no,no,yes,no,4,yes,semi-furnished
267631,1091,2,2,1,no,yes,no,no,no,3,no,furnished
294736,1684,4,3,1,no,no,yes,no,no,3,no,unfurnished
273925,1303,3,2,1,no,no,yes,no,no,2,no,semi-furnished
270261,1514,4,3,1,no,no,no,no,no,3,no,unfurnished
439763,2139,5,5,1,no,yes,no,no,no,6,no,unfurnished
299738,1595,3,2,1,yes,no,yes,no,no,2,yes,semi-furnished
327233,1523,4,4,1,yes,no,no,no,no,2,no,furnished
168993,820,1,1,1,no,no,yes,yes,no,2,no,unfurnished
369786,1873,3,2,1,yes,yes,no,no,no,2,no,unfurnished
343655,1822,3,2,1,no,no,no,no,no,4,no,unfurnished
585577,2581,6,6,3,yes,no,no,no,yes,5,no,semi-furnished
308914,1346,4,3,1,no,no,yes,no,no,2,no,semi-furnished
360784,1609,5,5,1,yes,no,yes,no,no,2,yes,semi-furnished
382993,1624,4,3,1,yes,no,no,no,no,2,yes,semi-furnished
564844,2288,5,5,2,no,no,yes,no,no,4,no,furnished
299742,1452,2,2,1,no,no,no,no,yes,2,no,semi-furnished
327140,1639,3,4,1,no,no,no,no,no,2,no,furnished
322734,1803,3,2,1,no,no,yes,no,yes,2,no,furnished
335851,1593,3,3,1,yes,yes,yes,no,yes,2,no,semi-furnished
304780,1276,3,3,1,yes,no,no,no,no,2,no,semi-furnished
399202,1597,3,3,2,yes,no,yes,no,no,2,no,furnished
458697,2036,3,2,2,yes,no,yes,yes,no,4,yes,furnished
268466,986,3,3,1,yes,no,no,no,no,2,no,unfurnished
334862,1566,3,2,1,yes,no,no,yes,no,2,no,unfurnished
309951,1149,3,2,1,no,no,no,no,no,4,yes,furnished
473320,2097,6,6,1,yes,yes,yes,no,no,4,yes,unfurnished
173947,738,1,1,1,no,no,no,yes,no,0,no,furnished
223152,1220,1,1,1,no,yes,no,no,no,0,yes,unfurnished
349046,1688,4,4,1,no,no,no,no,no,3,no,unfurnished
494594,2282,6,6,2,no,no,no,no,no,4,no,unfurnished
429946,1467,5,5,2,yes,no,no,no,no,4,no,unfurnished
236016,1222,2,2,1,yes,no,no,no,yes,1,no,unfurnished
515937,2440,6,5,1,no,no,yes,no,no,4,no,semi-furnished
208041,775,1,1,1,no,yes,no,yes,yes,0,no,semi-furnished
162288,400,1,1,1,yes,no,no,no,yes,0,no,furnished
445214,1720,6,6,1,yes,no,no,no,yes,3,no,unfurnished
260456,1248,2,2,1,no,no,no,no,no,1,no,semi-furnished
261263,989,2,1,1,yes,no,yes,no,no,1,no,semi-furnished
353770,1854,4,3,1,no,no,no,no,no,3,yes,semi-furnished
295652,1621,4,3,1,no,no,no,no,no,2,no,semi-furnished
295890,1217,3,2,1,yes,no,no,no,yes,4,no,unfurnished
187819,859,2,2,1,no,no,yes,no,no,1,yes,unfurnished
421058,1936,4,3,1,no,no,no,no,no,2,yes,unfurnished
431379,1825,4,4,1,yes,no,no,no,no,2,yes,unfurnished
296357,1450,3,2,2,no,no,no,no,no,2,no,semi-furnished
496580,2423,6,6,2,no,no,no,yes,yes,4,no,unfurnished
233322,964,2,1,1,no,no,no,no,no,1,yes,furnished
211316,737,2,2,1,yes,no,no,no,no,1,no,furnished
259089,1154,3,1,1,no,no,no,no,no,2,no,furnished
366926,1477,4,3,1,no,yes,no,no,no,2,yes,furnished
321025,1621,4,3,1,no,no,no,no,no,2,no,unfurnished
284436,1379,2,2,1,no,no,no,no,no,1,no,semi-furnished
388503,1676,5,5,1,yes,no,no,no,no,2,no,unfurnished
217766,874,1,1,1,no,no,no,no,yes,2,yes,furnished
542912,2221,4,4,1,no,no,yes,no,yes,6,yes,furnished
312824,1458,3,2,2,yes,no,no,no,no,2,yes,furnished
436716,2058,6,6,1,no,no,no,no,no,4,no,unfurnished
349623,1671,2,2,1,yes,no,no,no,yes,1,no,semi-furnished
392275,1728,6,5,1,no,no,no,no,yes,6,no,unfurnished
434582,1784,5,5,1,yes,no,yes,no,yes,4,no,unfurnished
391050,1723,4,3,1,no,no,no,no,yes,2,yes,semi-furnished
325458,1821,4,3,1,no,no,no,no,no,2,no,unfurnished
463974,2164,5,4,2,no,no,yes,no,no,4,no,furnished
326619,1598,4,3,1,no,yes,no,no,no,2,no,unfurnished
371333,1854,5,4,1,no,no,no,no,no,2,no,furnished
411605,1455,4,4,1,yes,no,yes,no,no,2,no,semi-furnished
452011,2220,5,4,2,no,no,no,no,no,4,yes,furnished
295293,1161,2,2,1,no,no,no,no,no,2,yes,furnished
526905,2400,5,4,3,no,no,yes,no,no,6,yes,furnished
304490,1479,3,1,2,yes,no,no,yes,no,2,yes,unfurnished
229956,784,3,3,1,no,no,no,no,no,2,no,furnished
347851,1564,4,2,1,no,no,no,no,no,2,yes,unfurnished
268496,1159,1,1,1,no,no,yes,no,no,2,yes,unfurnished
445943,1920,5,4,1,yes,no,no,no,no,2,no,unfurnished
385217,1173,3,4,1,yes,no,no,no,no,4,no,furnished
300014,1276,3,3,2,no,no,no,no,no,2,no,semi-furnished
162497,555,1,1,1,yes,no,no,no,yes,0,no,furnished
309584,1273,4,4,1,no,no,no,no,no,2,no,semi-furnished
133104,300,1,1,1,yes,yes,yes,no,no,0,no,unfurnished
224439,708,1,1,1,no,no,no,no,yes,2,yes,furnished
340208,1880,4,4,2,no,no,no,no,no,2,no,unfurnished
453234,1892,4,4,1,no,no,no,no,no,2,no,furnished
357344,1712,3,3,1,no,no,no,no,yes,2,no,unfurnished
230095,1016,2,2,1,yes,no,no,yes,no,2,yes,semi-furnished
324601,1476,4,4,1,yes,no,no,yes,yes,2,no,unfurnished
368333,1498,4,3,1,yes,no,no,no,no,2,yes,unfurnished
229106,920,2,1,1,no,no,yes,yes,no,1,no,unfurnished
411493,2251,6,5,1,no,no,no,yes,no,4,no,unfurnished
413895,1938,5,5,1,no,no,no,no,no,2,no,unfurnished
246240,1389,3,2,1,no,no,no,no,no,4,no,unfurnished
333162,1513,4,5,1,no,no,no,no,no,2,no,semi-furnished
417596,1604,4,4,3,no,yes,no,no,no,3,no,semi-furnished
171561,479,2,2,1,yes,yes,no,no,no,1,no,semi-furnished
299997,1376,4,4,1,yes,no,no,no,no,3,no,furnished
280321,1159,3,2,1,no,no,no,no,no,2,yes,semi-furnished
200678,999,2,1,1,no,no,no,no,no,1,no,semi-furnished
372963,1359,4,4,1,yes,yes,no,yes,no,2,yes,semi-furnished
467151,2398,5,5,3,no,no,yes,no,no,4,no,unfurnished
326865,1820,3,2,1,no,no,yes,no,no,2,no,semi-furnished
221886,1214,3,3,1,no,no,no,no,no,2,no,unfurnished
387518,1786,3,2,2,yes,no,yes,no,no,2,no,furnished
